instance size,re_1 - avg time (ms),re_1 - naive - avg time (ms)
200,0.18114899285137653,3.3192909322679043
400,0.2236079890280962,6.897425977513194
600,0.14876900240778923,15.88033395819366
800,0.1653730869293213,29.45619309321046
1000,0.18400698900222778,45.706785982474685
1200,0.21003000438213348,67.9620560258627
1400,0.22032903507351875,92.51066204160452
1600,0.23768795654177666,125.51317806355655
1800,0.25932490825653076,160.30426090583205
2000,0.2767341211438179,204.23871302045882
