exp3_re3 - avg time (ms),instance size
0.10167108848690987,20
0.10450603440403938,40
0.10621687397360802,60
0.10651210322976112,80
0.10935124009847641,100
0.109868124127388,120
0.11257315054535866,140
0.11391378939151764,160
0.11641532182693481,180
0.11795805767178535,200
